---DBChanges.sql---

-- reduced number of GL threads  from  ~45 to max 30 for GL and 10 for grouped
--1000001	MaxGroupSize	400	GL Export - MaxGroupSize
update sc_batch_job_context set context_key='MaxGroupSize', context_value=30000, description='GL Export - MaxGroupSize' where id =1000000;
INSERT INTO T_RESOURCE_CODE (RESOURCE_CODE,DEFAULT_DESCRIPTION,RESOURCE_TYPE_ID,UPDATE_USER,UPDATE_DATE,UPDATE_VERSION,RESERVED_VALUE_FLAG,IS_DEFAULT,EXTERNAL_CODE,DISCONTINUE_DATE,DEVELOPER_DESC,SORT_ORDER,EXT_DATA) 
VALUES (1000880,N'GL Export - MaxGroupNumber',5,1,getdate(),1,0,0,NULL,NULL,NULL,NULL,NULL);
INSERT INTO T_RESOURCES (RESOURCE_VALUE,RESOURCE_CODE,RESOURCE_COUNTRY,RESOURCE_LANG,UPDATE_USER,UPDATE_DATE,UPDATE_VERSION,RESERVED_VALUE_FLAG,IS_DEFAULT,EXTERNAL_CODE,DISCONTINUE_DATE,DEVELOPER_DESC,BLOB_ID,SORT_ORDER,RESOURCE_VALUE_LOWER,RESOURCE_CODE_1)
VALUES (N'GL Export - MaxGroupNumber',1000880,N'US',N'en',1,getdate(),1,0,0,NULL,NULL,NULL,NULL,NULL,N'GL Export - MaxGroupNumber',1000880);
INSERT INTO SC_BATCH_JOB_CONTEXT (ID,BATCH_JOB_ID,CONTEXT_KEY,CONTEXT_VALUE,UPDATE_USER,UPDATE_DATE,UPDATE_VERSION,DESCRIPTION,DESC_ID,RESERVED_VALUE_FLAG,IS_DEFAULT,EXTERNAL_CODE,DISCONTINUE_DATE,SORT_ORDER,DEVELOPER_DESC,EXT_DATA) 
VALUES (1000009,1000001,N'MaxGroupNumber',N'30',1,getdate(),1,N'GL Export - MaxGroupNumber',1000880,0,0,NULL,NULL,NULL,N'GL Export - MaxGroupNumber',NULL);
UPDATE SC_BATCH_JOB_CONTEXT SET BATCH_JOB_ID = 1000001 WHERE ID = 1000009;

--1000048	MaxGroupSize	50	GL - export grouped: MaxGroupSize
update sc_batch_job_context set context_key='MaxGroupSize', context_value=5000, description='GL - export grouped: MaxGroupSize' where id =1000109;
INSERT INTO T_RESOURCE_CODE (RESOURCE_CODE,DEFAULT_DESCRIPTION,RESOURCE_TYPE_ID,UPDATE_USER,UPDATE_DATE,UPDATE_VERSION,RESERVED_VALUE_FLAG,IS_DEFAULT,EXTERNAL_CODE,DISCONTINUE_DATE,DEVELOPER_DESC,SORT_ORDER,EXT_DATA) 
VALUES (1000881,N'GL - export grouped: MaxGroupNumber',5,1,getdate(),1,0,0,NULL,NULL,NULL,NULL,NULL);
INSERT INTO T_RESOURCES (RESOURCE_VALUE,RESOURCE_CODE,RESOURCE_COUNTRY,RESOURCE_LANG,UPDATE_USER,UPDATE_DATE,UPDATE_VERSION,RESERVED_VALUE_FLAG,IS_DEFAULT,EXTERNAL_CODE,DISCONTINUE_DATE,DEVELOPER_DESC,BLOB_ID,SORT_ORDER,RESOURCE_VALUE_LOWER,RESOURCE_CODE_1)
VALUES (N'GL - export grouped: MaxGroupNumber',1000881,N'US',N'en',1,getdate(),1,0,0,NULL,NULL,NULL,NULL,NULL,N'GL - export grouped: MaxGroupNumber',1000881);
INSERT INTO SC_BATCH_JOB_CONTEXT (ID,BATCH_JOB_ID,CONTEXT_KEY,CONTEXT_VALUE,UPDATE_USER,UPDATE_DATE,UPDATE_VERSION,DESCRIPTION,DESC_ID,RESERVED_VALUE_FLAG,IS_DEFAULT,EXTERNAL_CODE,DISCONTINUE_DATE,SORT_ORDER,DEVELOPER_DESC,EXT_DATA) 
VALUES (1000078,1000048,N'MaxGroupNumber',N'10',1,getdate(),1,N'GL - export grouped: MaxGroupNumber',1000881,0,0,NULL,NULL,NULL,N'GL - export grouped: MaxGroupNumber',NULL);
UPDATE SC_BATCH_JOB_CONTEXT SET BATCH_JOB_ID = 1000048 WHERE ID = 1000078;

update sc_batch_job_context set context_key='MaxGroupSize', context_value=5000, description='GA GL Export - MaxGroupSize' where id =1000153;
INSERT INTO T_RESOURCE_CODE (RESOURCE_CODE,DEFAULT_DESCRIPTION,RESOURCE_TYPE_ID,UPDATE_USER,UPDATE_DATE,UPDATE_VERSION,RESERVED_VALUE_FLAG,IS_DEFAULT,EXTERNAL_CODE,DISCONTINUE_DATE,DEVELOPER_DESC,SORT_ORDER,EXT_DATA) 
VALUES (1000882,N'GA GL Export - MaxGroupNumber',5,1,getdate(),1,0,0,NULL,NULL,NULL,NULL,NULL);
INSERT INTO T_RESOURCES (RESOURCE_VALUE,RESOURCE_CODE,RESOURCE_COUNTRY,RESOURCE_LANG,UPDATE_USER,UPDATE_DATE,UPDATE_VERSION,RESERVED_VALUE_FLAG,IS_DEFAULT,EXTERNAL_CODE,DISCONTINUE_DATE,DEVELOPER_DESC,BLOB_ID,SORT_ORDER,RESOURCE_VALUE_LOWER,RESOURCE_CODE_1)
VALUES (N'GA GL Export - MaxGroupNumber',1000882,N'US',N'en',1,getdate(),1,0,0,NULL,NULL,NULL,NULL,NULL,N'GA GL Export - MaxGroupNumber',1000882);
INSERT INTO SC_BATCH_JOB_CONTEXT (ID,BATCH_JOB_ID,CONTEXT_KEY,CONTEXT_VALUE,UPDATE_USER,UPDATE_DATE,UPDATE_VERSION,DESCRIPTION,DESC_ID,RESERVED_VALUE_FLAG,IS_DEFAULT,EXTERNAL_CODE,DISCONTINUE_DATE,SORT_ORDER,DEVELOPER_DESC,EXT_DATA) 
VALUES (1000087,1000067,N'MaxGroupNumber',N'10',1,getdate(),1,N'GA GL Export - MaxGroupNumber',1000882,0,0,NULL,NULL,NULL,N'GA GL Export - MaxGroupNumber',NULL);
UPDATE SC_BATCH_JOB_CONTEXT SET  BATCH_JOB_ID = 1000067 WHERE ID = 1000087;
